<DOMDocument xmlns:xsi="http://www.w3.org/2001/XMLSchema-instance" xmlns="http://ns.adobe.com/xfl/2008/" backgroundColor="#CCCCCC" width="1280" height="800" frameRate="30" currentTimeline="1" xflVersion="23.0" creatorInfo="Adobe Animate" platform="Windows" versionInfo="Saved by Animate Windows 24.0 build 40" majorVersion="24" buildNumber="40" bitmapSnap="false" objectsSnapTo="false" viewAngle3D="100.925968316201" vanishingPoint3DX="640" vanishingPoint3DY="400" previewMode="anti alias" nextSceneIdentifier="2" playOptionsPlayLoop="false" playOptionsPlayPages="false" playOptionsPlayFrameActions="false" filetypeGUID="3CE50BB6-55CF-47A6-B591-01286DDDC64C" fileGUID="784D03A6AFC86B4EB7641285A1D4A60B">
     <symbols>
          <Include href="canvas.xml" loadImmediate="false" itemID="67e66d2c-0000019c" lastModified="1743988911"/>
          <Include href="followObject.xml" itemID="67eb4c12-000001ac" lastModified="1743477905"/>
     </symbols>
     <timelines>
          <DOMTimeline name="Scene 1" layerDepthEnabled="true">
               <layers>
                    <DOMLayer name="Layer_1" color="#00FFFF">
                         <frames>
                              <DOMFrame index="0" keyMode="9728">
                                   <Framescript language="JavaScript">
                                        <script><![CDATA[/** @type {createjs.MovieClip} */
let root = this;

root.stop();

stage.enableMouseOver();

/**
 * @typedef {Object} Color
 * @property {number} r
 * @property {number} g
 * @property {number} b
 * 
 * @typedef {Object} Point
 * @property {number} x
 * @property {number} y
 * @property {Color} color
 */

/**
 * @type {Point[]}
 */
let points = [];

/** @type {createjs.Graphics | null} */
let graphics = null;

let isDrawing = false;

let hue = 0;

/** @type {createjs.MovieClip} */
let strokeContainer = null;

let trailLength = 100;

// 0.05면 5%만큼 떨어져서 따라감
let followObjectDistancePercent = 0.15;

// N만큼 거리두고 따라감
let followObjectDistance = 70;

// 0.5면 50% 위치부터 시작
let followObjectStartPosPercent = 0.2;

// 현재 마우스 위치에서 N만큼 거리두고 따라감
let followObjectStartDistance = 100;

let followObjects = root.GetChildsByName("followObject_");

/**
 * @typedef {createjs.MovieClip & {
 *   isTweening: boolean,
 *   isFollowing: boolean,
 *   isWithinObjectDistance: boolean,
 *   prevIndexGap: number,
 *   followIdx: number,
 *   point: Point
 * }} FollowObject
 */

/** @type {FollowObject[]} */
let trailFollowObjects = [];

(function init() {
    console.log("init");

    strokeContainer = new createjs.Container();
    root.addChild(strokeContainer);

    const shape = new createjs.Shape();
    strokeContainer.addChild(shape);

    graphics = shape.graphics;
    points = [];

    initFollowObject();

    stage.addEventListener("stagemousedown", startTrail);
    stage.addEventListener("stagemousemove", updateTrail);
    stage.addEventListener("stagemouseup", stopTrail);
})();

function initFollowObject() {
    followObjects.forEach((followObject) => {
        followObject.on('mouseover', () => {

            console.log(`mouseover: ${followObject.name} layer: ${trailFollowObjects.length}`);

            const point = points[points.length - 1];

            strokeContainer.addChildAt(followObject, strokeContainer.children.length - trailFollowObjects.length);
            trailFollowObjects.push(followObject);

            followObject.isTweening = true;
            followObject.point = point;

            followObject.isWithinObjectDistance = false;

            followObject.Tween({
                x: point.x,
                y: point.y,
            }, 300, createjs.Ease.quartOut).call(() => {
                let idx = getFollowObjectPointIndex(trailFollowObjects.indexOf(followObject));

                followObject.followIdx = idx;
                followObject.isTweening = false;
            });

        }, null, true);
    });
}

function getFollowObjectPointIndex(index) {
    // index가 0이면 points의 top이랑 비교
    // 0이 아니면 trailFollowObject[index - 1] 해서 앞에 있는 오브젝트의 위치를 가져온 후
    // points에서 followObjectDistance보다 떨어져있는 pos를 선택해서 index로 반환
    // 끄읏?
    const objectDistance = (index == 0) ? followObjectStartDistance : followObjectDistance;
    const prevPosIdx = (index == 0) ? points.length - 1 : trailFollowObjects[index - 1].followIdx;

    const curObject = trailFollowObjects[index];

    const prevPos = points[prevPosIdx];

    if (prevPosIdx == -1)
        return -1;

    let idx = prevPosIdx;

    // 최~~~~~~~대한 followObjectDistance보다 떨어져있는 pos를 선택
    while (getPointDistance(prevPos, points[idx]) <= objectDistance && idx-- > 0);

    if (idx < curObject.followIdx) {
        idx = curObject.followIdx + 1;
    }

    if (idx < 0) idx = 0;

    console.log(`idx: ${idx}`);

    return idx;
}

/**
 * Point간의 거리를 가져오는 함수
 * @param {{x: number, y: number}} curPoint 기준
 * @param {{x: number, y: number}} destPoint 목표
 * @returns 
 */
function getPointDistance(curPoint, destPoint) {

    return Math.sqrt(
        Math.pow(curPoint.x - destPoint.x, 2) +
        Math.pow(curPoint.y - destPoint.y, 2)
    );
}

function updateFollowObjectsPos() {
    for (let i = 0; i < trailFollowObjects.length; i++) {
        let idx = getFollowObjectPointIndex(i);
        const followObject = trailFollowObjects[i];

        if (idx == -1)
            continue;

        if (followObject.isFollowing) {
            followObject.followIdx = idx;

            followObject.x = points[idx].x;
            followObject.y = points[idx].y;
        } else if (followObject.isTweening == false) {
            followObject.x = points[followObject.followIdx].x;
            followObject.y = points[followObject.followIdx].y;

            followObject.followIdx--;

            const pointIndexInTrail = points.indexOf(followObject.point);

            if (pointIndexInTrail != -1 && idx > pointIndexInTrail) {
                followObject.isFollowing = true;
            }
        }
    }
}

/** @param {createjs.MouseEvent} event */
function startTrail(event) {
    isDrawing = true;

    console.log("mouse down");
}

/** @param {createjs.MouseEvent} event */
function updateTrail(event) {
    hue = (hue + 1) % 360;

    points.push({
        x: event.stageX / stage.scaleX,
        y: event.stageY / stage.scaleY,
        color: hsvToRgb(hue, 1, 1)
    });

    updateFollowObjectsPos();

    if (points.length > trailLength) {
        // 빼는 조건을 살짝 손봐야 할듯
        // points.shift();
    }

    graphics.clear();

    for (let i = 1; i < points.length; i++) {
        var rgb = points[i].color;

        graphics
            .setStrokeStyle(10, 1, 1)
            .beginStroke(`rgba(${rgb.r}, ${rgb.g}, ${rgb.b})`)
            .moveTo(points[i - 1].x, points[i - 1].y)
            .lineTo(points[i].x, points[i].y)
            .endStroke();
    }
}

/** @param {createjs.MouseEvent} event */
function stopTrail(event) {
    isDrawing = false;

    console.log("mouse up");
}

function hsvToRgb(h, s, v) {
    const c = v * s, x = c * (1 - Math.abs((h / 60) % 2 - 1)), m = v - c;
    let r, g, b;
    if (h < 60) { r = c; g = x; b = 0; }
    else if (h < 120) { r = x; g = c; b = 0; }
    else if (h < 180) { r = 0; g = c; b = x; }
    else if (h < 240) { r = 0; g = x; b = c; }
    else if (h < 300) { r = x; g = 0; b = c; }
    else { r = c; g = 0; b = x; }
    return { r: Math.round((r + m) * 255), g: Math.round((g + m) * 255), b: Math.round((b + m) * 255) };
}
]]></script>
                                   </Framescript>
                                   <elements/>
                              </DOMFrame>
                         </frames>
                    </DOMLayer>
                    <DOMLayer name="followObjects" color="#FF800A" autoNamed="false">
                         <frames>
                              <DOMFrame index="0" keyMode="9728">
                                   <elements>
                                        <DOMSymbolInstance libraryItemName="followObject" name="followObject_1">
                                             <matrix>
                                                  <Matrix tx="234.5" ty="333"/>
                                             </matrix>
                                             <transformationPoint>
                                                  <Point/>
                                             </transformationPoint>
                                        </DOMSymbolInstance>
                                        <DOMSymbolInstance libraryItemName="followObject" name="followObject_0">
                                             <matrix>
                                                  <Matrix tx="629.75" ty="150.75"/>
                                             </matrix>
                                             <transformationPoint>
                                                  <Point/>
                                             </transformationPoint>
                                             <color>
                                                  <Color tintMultiplier="0.83" tintColor="#FF453F"/>
                                             </color>
                                        </DOMSymbolInstance>
                                        <DOMSymbolInstance libraryItemName="followObject" name="followObject_4">
                                             <matrix>
                                                  <Matrix tx="837.95" ty="632.4"/>
                                             </matrix>
                                             <transformationPoint>
                                                  <Point/>
                                             </transformationPoint>
                                             <color>
                                                  <Color tintMultiplier="0.67" tintColor="#4A90AB"/>
                                             </color>
                                        </DOMSymbolInstance>
                                        <DOMSymbolInstance libraryItemName="followObject" name="followObject_3">
                                             <matrix>
                                                  <Matrix tx="325.5" ty="582.35"/>
                                             </matrix>
                                             <transformationPoint>
                                                  <Point/>
                                             </transformationPoint>
                                             <color>
                                                  <Color tintMultiplier="0.67" tintColor="#1B2BAB"/>
                                             </color>
                                        </DOMSymbolInstance>
                                        <DOMSymbolInstance libraryItemName="followObject" name="followObject_2">
                                             <matrix>
                                                  <Matrix tx="972.35" ty="260.3"/>
                                             </matrix>
                                             <transformationPoint>
                                                  <Point/>
                                             </transformationPoint>
                                             <color>
                                                  <Color tintMultiplier="0.67" tintColor="#B690AB"/>
                                             </color>
                                        </DOMSymbolInstance>
                                   </elements>
                              </DOMFrame>
                         </frames>
                    </DOMLayer>
                    <DOMLayer name="bg" color="#9933CC" current="true" isSelected="true" autoNamed="false">
                         <frames>
                              <DOMFrame index="0" keyMode="9728">
                                   <elements>
                                        <DOMSymbolInstance libraryItemName="canvas" selected="true">
                                             <transformationPoint>
                                                  <Point/>
                                             </transformationPoint>
                                        </DOMSymbolInstance>
                                   </elements>
                              </DOMFrame>
                         </frames>
                    </DOMLayer>
               </layers>
          </DOMTimeline>
     </timelines>
     <scripts>
          <GlobalScripts language="Javascript">
               <Script type="local" src="./js/MorphUtil.1.0.0.js"/>
          </GlobalScripts>
     </scripts>
     <persistentData>
          <PD n="CreateJSToolkit_timelinedata" v="version&#xA;0.1&#xA;loop&#xA;true"/>
     </persistentData>
     <PrinterSettings/>
     <publishHistory/>
</DOMDocument>