<DOMSymbolItem xmlns:xsi="http://www.w3.org/2001/XMLSchema-instance" xmlns="http://ns.adobe.com/xfl/2008/" name="followObject" itemID="67eb4c12-000001ac" linkageExportForAS="true" linkageClassName="followObject" lastModified="1743477905">
  <timeline>
    <DOMTimeline name="followObject" layerDepthEnabled="true">
      <layers>
        <DOMLayer name="Layer_1" color="#00FFFF" current="true" isSelected="true">
          <frames>
            <DOMFrame index="0" keyMode="9728">
              <elements>
                <DOMShape selected="true" isDrawingObject="true">
                  <matrix>
                    <Matrix a="0.613937377929688" d="0.614013671875"/>
                  </matrix>
                  <fills>
                    <FillStyle index="1">
                      <SolidColor color="#CC9933"/>
                    </FillStyle>
                  </fills>
                  <strokes>
                    <StrokeStyle index="1">
                      <SolidStroke scaleMode="normal">
                        <fill>
                          <SolidColor color="#339933" alpha="0"/>
                        </fill>
                      </SolidStroke>
                    </StrokeStyle>
                  </strokes>
                  <edges>
                    <Edge fillStyle1="1" strokeStyle="1" edges="!1400 0[1400 580 990 989!990 989[581 1400 0 1400!0 1400[-580 1400 -990 989!-990 989[-1400 580 -1400 0!-1400 0[-1400 -581 -990 -991!-990 -991[-580 -1400 0 -1400!0 -1400[581 -1400 990 -991!990 -991[1400 -581 1400 0"/>
                  </edges>
                </DOMShape>
              </elements>
            </DOMFrame>
          </frames>
        </DOMLayer>
      </layers>
    </DOMTimeline>
  </timeline>
</DOMSymbolItem>